{"cameraMode":{"drawMode":0,"name":"Shaded","section":"Shading Mode"},"sceneLighting":true,"audioPlay":false,"sceneViewState":{"showFog":true,"showMaterialUpdate":false,"showSkybox":true,"showFlares":true,"showImageEffects":true,"showParticleSystems":true},"in2DMode":false,"pivot":{"x":0.3207571506500244,"y":1.8653273582458497,"z":9.610860824584961},"rotation":{"x":-0.1812995821237564,"y":0.10539031773805618,"z":-0.01923685148358345,"w":-0.9777755737304688},"size":12.6882963180542,"orthographic":false}