{"cameraMode":{"drawMode":0,"name":"Shaded","section":"Shading Mode"},"sceneLighting":true,"audioPlay":false,"sceneViewState":{"showFog":true,"showMaterialUpdate":false,"showSkybox":true,"showFlares":true,"showImageEffects":true,"showParticleSystems":true},"in2DMode":false,"pivot":{"x":0.13703110814094544,"y":0.7874883413314819,"z":-0.6005284786224365},"rotation":{"x":-0.007014626171439886,"y":0.9917845129966736,"z":0.06679469347000122,"w":0.11131799966096878},"size":2.047762155532837,"orthographic":false}