{"cameraMode":{"drawMode":0,"name":"Shaded","section":"Shading Mode"},"sceneLighting":true,"audioPlay":false,"sceneViewState":{"showFog":false,"showMaterialUpdate":false,"showSkybox":false,"showFlares":false,"showImageEffects":false,"showParticleSystems":false},"in2DMode":false,"pivot":{"x":21.645353317260743,"y":5.818782806396484,"z":50.60317611694336},"rotation":{"x":-0.16741816699504853,"y":-0.6621382236480713,"z":0.1553129404783249,"w":-0.7137445211410523},"size":14.369449615478516,"orthographic":false}