{"cameraMode":{"drawMode":0,"name":"Shaded","section":"Shading Mode"},"sceneLighting":true,"audioPlay":false,"sceneViewState":{"showFog":true,"showMaterialUpdate":false,"showSkybox":true,"showFlares":true,"showImageEffects":true,"showParticleSystems":true},"in2DMode":false,"pivot":{"x":-1.0285685062408448,"y":2.141655445098877,"z":1.8715825080871583},"rotation":{"x":0.03333071991801262,"y":-0.9665199518203735,"z":0.18675024807453156,"w":0.17429181933403016},"size":8.458892822265625,"orthographic":false}