{"cameraMode":{"drawMode":0,"name":"Shaded","section":"Shading Mode"},"sceneLighting":false,"audioPlay":false,"sceneViewState":{"showFog":true,"showMaterialUpdate":false,"showSkybox":false,"showFlares":true,"showImageEffects":true,"showParticleSystems":true},"in2DMode":false,"pivot":{"x":2.405517578125,"y":2.2371826171875,"z":4.2139892578125},"rotation":{"x":0.22303487360477448,"y":-0.4329622983932495,"z":0.111475370824337,"w":0.8662433624267578},"size":1.4226007461547852,"orthographic":true}