{"cameraMode":{"drawMode":0,"name":"Shaded","section":"Shading Mode"},"sceneLighting":true,"audioPlay":false,"sceneViewState":{"showFog":true,"showMaterialUpdate":false,"showSkybox":true,"showFlares":true,"showImageEffects":true,"showParticleSystems":true},"in2DMode":false,"pivot":{"x":-8.660743713378907,"y":-3.7925233840942385,"z":22.72313690185547},"rotation":{"x":-0.23417741060256959,"y":0.5634717345237732,"z":-0.17132794857025147,"w":-0.7738693952560425},"size":15.169994354248047,"orthographic":false}