{"cameraMode":{"drawMode":0,"name":"Shaded","section":"Shading Mode"},"sceneLighting":true,"audioPlay":false,"sceneViewState":{"showFog":true,"showMaterialUpdate":false,"showSkybox":true,"showFlares":true,"showImageEffects":true,"showParticleSystems":true},"in2DMode":false,"pivot":{"x":4.531599998474121,"y":0.5361001491546631,"z":-0.0042000412940979},"rotation":{"x":0.0018369080498814583,"y":0.9988782405853272,"z":-0.03476402908563614,"w":0.03969930484890938},"size":3.378697156906128,"orthographic":false}