{"cameraMode":{"drawMode":0,"name":"Shaded","section":"Shading Mode"},"sceneLighting":true,"audioPlay":false,"sceneViewState":{"showFog":false,"showMaterialUpdate":false,"showSkybox":false,"showFlares":false,"showImageEffects":false,"showParticleSystems":false},"in2DMode":false,"pivot":{"x":3.43070387840271,"y":1.483414649963379,"z":2.4378414154052736},"rotation":{"x":0.1828271746635437,"y":0.3168420195579529,"z":-0.06238217651844025,"w":0.9286041855812073},"size":12.497587203979493,"orthographic":false}