{"cameraMode":{"drawMode":0,"name":"Shaded","section":"Shading Mode"},"sceneLighting":false,"audioPlay":false,"sceneViewState":{"showFog":true,"showMaterialUpdate":false,"showSkybox":true,"showFlares":true,"showImageEffects":true,"showParticleSystems":true},"in2DMode":false,"pivot":{"x":12.314537048339844,"y":2.1214561462402345,"z":30.858352661132814},"rotation":{"x":0.2596072852611542,"y":0.37102359533309939,"z":-0.10878238081932068,"w":0.8850369453430176},"size":28.817556381225587,"orthographic":false}